-- phpMyAdmin SQL Dump
-- version 4.4.15.5
-- http://www.phpmyadmin.net
--
-- Host: localhost:8889
-- Generation Time: Jun 18, 2016 at 10:40 AM
-- Server version: 5.5.49-log
-- PHP Version: 7.0.6

SET SQL_MODE = "NO_AUTO_VALUE_ON_ZERO";
SET time_zone = "+00:00";


/*!40101 SET @OLD_CHARACTER_SET_CLIENT=@@CHARACTER_SET_CLIENT */;
/*!40101 SET @OLD_CHARACTER_SET_RESULTS=@@CHARACTER_SET_RESULTS */;
/*!40101 SET @OLD_COLLATION_CONNECTION=@@COLLATION_CONNECTION */;
/*!40101 SET NAMES utf8mb4 */;

--
-- Database: `lorann`
--
CREATE DATABASE IF NOT EXISTS `lorann` DEFAULT CHARACTER SET latin1 COLLATE latin1_swedish_ci;
USE `lorann`;

DELIMITER $$
--
-- Procedures
--
DROP PROCEDURE IF EXISTS `LorannMap`$$
CREATE DEFINER=`root`@`localhost` PROCEDURE `LorannMap`(IN `p_level` INT(5))
    READS SQL DATA
    SQL SECURITY INVOKER
SELECT mapbyelement.PosX ,mapbyelement.PosY ,element.NameElement

FROM element NATURAL JOIN mapbyelement NATURAL JOIN map

WHERE map.NumberLevel=p_level$$

DELIMITER ;

-- --------------------------------------------------------

--
-- Table structure for table `element`
--

DROP TABLE IF EXISTS `element`;
CREATE TABLE IF NOT EXISTS `element` (
  `IDElement` int(11) NOT NULL,
  `NameElement` varchar(50) CHARACTER SET utf16 COLLATE utf16_bin DEFAULT NULL
) ENGINE=InnoDB DEFAULT CHARSET=latin1;

--
-- Dumping data for table `element`
--

INSERT INTO `element` (`IDElement`, `NameElement`) VALUES
(10, '-'),
(2, 'G'),
(1, 'L'),
(7, 'S'),
(5, 'T'),
(9, 'd'),
(4, 'g'),
(13, 'k'),
(11, 'l'),
(12, 'o'),
(8, 's'),
(6, 't');

-- --------------------------------------------------------

--
-- Table structure for table `map`
--

DROP TABLE IF EXISTS `map`;
CREATE TABLE IF NOT EXISTS `map` (
  `IDMap` int(11) NOT NULL,
  `NumberLevel` int(11) DEFAULT NULL
) ENGINE=InnoDB AUTO_INCREMENT=44 DEFAULT CHARSET=latin1;

--
-- Dumping data for table `map`
--

INSERT INTO `map` (`IDMap`, `NumberLevel`) VALUES
(39, 1),
(40, 2),
(41, 3),
(42, 4),
(43, 5);

-- --------------------------------------------------------

--
-- Table structure for table `mapbyelement`
--

DROP TABLE IF EXISTS `mapbyelement`;
CREATE TABLE IF NOT EXISTS `mapbyelement` (
  `IDPositionElement` int(11) NOT NULL,
  `PosX` int(11) DEFAULT NULL,
  `PosY` int(11) DEFAULT NULL,
  `IDMap` int(11) DEFAULT NULL,
  `IDElement` int(11) DEFAULT NULL
) ENGINE=InnoDB AUTO_INCREMENT=2576 DEFAULT CHARSET=latin1;

--
-- Dumping data for table `mapbyelement`
--

INSERT INTO `mapbyelement` (`IDPositionElement`, `PosX`, `PosY`, `IDMap`, `IDElement`) VALUES
(2049, 6, 0, 39, 12),
(2050, 7, 0, 39, 10),
(2051, 8, 0, 39, 12),
(2052, 9, 0, 39, 10),
(2053, 10, 0, 39, 10),
(2054, 11, 0, 39, 10),
(2055, 12, 0, 39, 10),
(2056, 13, 0, 39, 10),
(2057, 14, 0, 39, 10),
(2058, 15, 0, 39, 10),
(2059, 16, 0, 39, 10),
(2060, 17, 0, 39, 10),
(2061, 18, 0, 39, 12),
(2062, 3, 1, 39, 12),
(2063, 4, 1, 39, 10),
(2064, 5, 1, 39, 10),
(2065, 6, 1, 39, 12),
(2066, 7, 1, 39, 6),
(2067, 8, 1, 39, 11),
(2068, 18, 1, 39, 12),
(2069, 19, 1, 39, 12),
(2070, 3, 2, 39, 11),
(2071, 8, 2, 39, 11),
(2072, 19, 2, 39, 11),
(2073, 0, 3, 39, 12),
(2074, 1, 3, 39, 10),
(2075, 2, 3, 39, 10),
(2076, 3, 3, 39, 12),
(2077, 8, 3, 39, 11),
(2078, 12, 3, 39, 6),
(2079, 19, 3, 39, 11),
(2080, 0, 4, 39, 11),
(2081, 2, 4, 39, 6),
(2082, 4, 4, 39, 12),
(2083, 5, 4, 39, 10),
(2084, 6, 4, 39, 10),
(2085, 7, 4, 39, 10),
(2086, 8, 4, 39, 12),
(2087, 9, 4, 39, 10),
(2088, 10, 4, 39, 10),
(2089, 11, 4, 39, 10),
(2090, 12, 4, 39, 10),
(2091, 13, 4, 39, 10),
(2092, 14, 4, 39, 12),
(2093, 19, 4, 39, 12),
(2094, 0, 5, 39, 11),
(2095, 1, 5, 39, 6),
(2096, 4, 5, 39, 4),
(2097, 12, 5, 39, 13),
(2098, 17, 5, 39, 1),
(2099, 19, 5, 39, 9),
(2100, 0, 6, 39, 11),
(2101, 2, 6, 39, 6),
(2102, 4, 6, 39, 12),
(2103, 5, 6, 39, 10),
(2104, 6, 6, 39, 10),
(2105, 7, 6, 39, 10),
(2106, 8, 6, 39, 12),
(2107, 9, 6, 39, 10),
(2108, 10, 6, 39, 10),
(2109, 11, 6, 39, 10),
(2110, 12, 6, 39, 10),
(2111, 13, 6, 39, 10),
(2112, 14, 6, 39, 12),
(2113, 19, 6, 39, 12),
(2114, 0, 7, 39, 12),
(2115, 1, 7, 39, 10),
(2116, 2, 7, 39, 10),
(2117, 3, 7, 39, 12),
(2118, 8, 7, 39, 11),
(2119, 12, 7, 39, 6),
(2120, 19, 7, 39, 11),
(2121, 3, 8, 39, 11),
(2122, 8, 8, 39, 11),
(2123, 19, 8, 39, 11),
(2124, 3, 9, 39, 12),
(2125, 4, 9, 39, 10),
(2126, 5, 9, 39, 10),
(2127, 6, 9, 39, 12),
(2128, 7, 9, 39, 6),
(2129, 8, 9, 39, 11),
(2130, 18, 9, 39, 12),
(2131, 19, 9, 39, 12),
(2132, 6, 10, 39, 12),
(2133, 7, 10, 39, 10),
(2134, 8, 10, 39, 12),
(2135, 9, 10, 39, 10),
(2136, 10, 10, 39, 10),
(2137, 11, 10, 39, 10),
(2138, 12, 10, 39, 10),
(2139, 13, 10, 39, 10),
(2140, 14, 10, 39, 10),
(2141, 15, 10, 39, 10),
(2142, 16, 10, 39, 10),
(2143, 17, 10, 39, 10),
(2144, 18, 10, 39, 12),
(2145, 0, 0, 40, 12),
(2146, 1, 0, 40, 10),
(2147, 2, 0, 40, 10),
(2148, 3, 0, 40, 10),
(2149, 4, 0, 40, 10),
(2150, 5, 0, 40, 10),
(2151, 6, 0, 40, 10),
(2152, 7, 0, 40, 10),
(2153, 8, 0, 40, 10),
(2154, 9, 0, 40, 10),
(2155, 10, 0, 40, 10),
(2156, 11, 0, 40, 10),
(2157, 12, 0, 40, 10),
(2158, 13, 0, 40, 10),
(2159, 14, 0, 40, 10),
(2160, 15, 0, 40, 10),
(2161, 16, 0, 40, 10),
(2162, 17, 0, 40, 10),
(2163, 18, 0, 40, 10),
(2164, 19, 0, 40, 12),
(2165, 0, 1, 40, 11),
(2166, 2, 1, 40, 2),
(2167, 18, 1, 40, 5),
(2168, 19, 1, 40, 11),
(2169, 0, 2, 40, 11),
(2170, 9, 2, 40, 1),
(2171, 17, 2, 40, 12),
(2172, 19, 2, 40, 11),
(2173, 0, 3, 40, 11),
(2174, 7, 3, 40, 12),
(2175, 11, 3, 40, 12),
(2176, 17, 3, 40, 11),
(2177, 19, 3, 40, 11),
(2178, 0, 4, 40, 11),
(2179, 6, 4, 40, 12),
(2180, 7, 4, 40, 12),
(2181, 8, 4, 40, 12),
(2182, 10, 4, 40, 12),
(2183, 11, 4, 40, 12),
(2184, 12, 4, 40, 12),
(2185, 17, 4, 40, 11),
(2186, 18, 4, 40, 13),
(2187, 19, 4, 40, 11),
(2188, 0, 5, 40, 11),
(2189, 7, 5, 40, 12),
(2190, 8, 5, 40, 12),
(2191, 9, 5, 40, 12),
(2192, 10, 5, 40, 12),
(2193, 11, 5, 40, 12),
(2194, 17, 5, 40, 11),
(2195, 19, 5, 40, 11),
(2196, 0, 6, 40, 11),
(2197, 8, 6, 40, 12),
(2198, 9, 6, 40, 12),
(2199, 10, 6, 40, 12),
(2200, 17, 6, 40, 11),
(2201, 19, 6, 40, 11),
(2202, 0, 7, 40, 11),
(2203, 9, 7, 40, 9),
(2204, 17, 7, 40, 11),
(2205, 19, 7, 40, 11),
(2206, 0, 8, 40, 11),
(2207, 17, 8, 40, 11),
(2208, 19, 8, 40, 11),
(2209, 0, 9, 40, 11),
(2210, 17, 9, 40, 12),
(2211, 19, 9, 40, 11),
(2212, 0, 10, 40, 11),
(2213, 1, 10, 40, 8),
(2214, 17, 10, 40, 4),
(2215, 19, 10, 40, 11),
(2216, 0, 11, 40, 12),
(2217, 1, 11, 40, 10),
(2218, 2, 11, 40, 10),
(2219, 3, 11, 40, 10),
(2220, 4, 11, 40, 10),
(2221, 5, 11, 40, 10),
(2222, 6, 11, 40, 10),
(2223, 7, 11, 40, 10),
(2224, 8, 11, 40, 10),
(2225, 9, 11, 40, 10),
(2226, 10, 11, 40, 10),
(2227, 11, 11, 40, 10),
(2228, 12, 11, 40, 10),
(2229, 13, 11, 40, 10),
(2230, 14, 11, 40, 10),
(2231, 15, 11, 40, 10),
(2232, 16, 11, 40, 10),
(2233, 17, 11, 40, 12),
(2234, 18, 11, 40, 10),
(2235, 19, 11, 40, 12),
(2236, 2, 0, 41, 12),
(2237, 3, 0, 41, 10),
(2238, 4, 0, 41, 10),
(2239, 5, 0, 41, 10),
(2240, 6, 0, 41, 10),
(2241, 7, 0, 41, 10),
(2242, 8, 0, 41, 10),
(2243, 9, 0, 41, 10),
(2244, 10, 0, 41, 10),
(2245, 11, 0, 41, 10),
(2246, 12, 0, 41, 10),
(2247, 13, 0, 41, 10),
(2248, 14, 0, 41, 12),
(2249, 2, 1, 41, 11),
(2250, 4, 1, 41, 8),
(2251, 14, 1, 41, 11),
(2252, 2, 2, 41, 11),
(2253, 14, 2, 41, 11),
(2254, 2, 3, 41, 12),
(2255, 3, 3, 41, 10),
(2256, 4, 3, 41, 10),
(2257, 5, 3, 41, 12),
(2258, 8, 3, 41, 12),
(2259, 9, 3, 41, 10),
(2260, 10, 3, 41, 12),
(2261, 11, 3, 41, 6),
(2262, 12, 3, 41, 6),
(2263, 14, 3, 41, 11),
(2264, 5, 4, 41, 11),
(2265, 9, 4, 41, 4),
(2266, 10, 4, 41, 11),
(2267, 13, 4, 41, 12),
(2268, 14, 4, 41, 12),
(2269, 15, 4, 41, 10),
(2270, 16, 4, 41, 10),
(2271, 17, 4, 41, 10),
(2272, 18, 4, 41, 10),
(2273, 19, 4, 41, 12),
(2274, 2, 5, 41, 12),
(2275, 3, 5, 41, 10),
(2276, 4, 5, 41, 10),
(2277, 5, 5, 41, 12),
(2278, 9, 5, 41, 12),
(2279, 10, 5, 41, 11),
(2280, 19, 5, 41, 11),
(2281, 2, 6, 41, 11),
(2282, 8, 6, 41, 12),
(2283, 9, 6, 41, 10),
(2284, 10, 6, 41, 12),
(2285, 18, 6, 41, 13),
(2286, 19, 6, 41, 11),
(2287, 2, 7, 41, 11),
(2288, 8, 7, 41, 11),
(2289, 10, 7, 41, 12),
(2290, 11, 7, 41, 6),
(2291, 19, 7, 41, 11),
(2292, 2, 8, 41, 12),
(2293, 3, 8, 41, 9),
(2294, 8, 8, 41, 11),
(2295, 10, 8, 41, 12),
(2296, 11, 8, 41, 12),
(2297, 12, 8, 41, 10),
(2298, 13, 8, 41, 12),
(2299, 16, 8, 41, 12),
(2300, 17, 8, 41, 10),
(2301, 18, 8, 41, 10),
(2302, 19, 8, 41, 12),
(2303, 3, 9, 41, 12),
(2304, 4, 9, 41, 10),
(2305, 5, 9, 41, 12),
(2306, 6, 9, 41, 10),
(2307, 7, 9, 41, 10),
(2308, 8, 9, 41, 12),
(2309, 11, 9, 41, 11),
(2310, 16, 9, 41, 11),
(2311, 11, 10, 41, 11),
(2312, 13, 10, 41, 1),
(2313, 16, 10, 41, 11),
(2314, 11, 11, 41, 12),
(2315, 12, 11, 41, 10),
(2316, 13, 11, 41, 10),
(2317, 14, 11, 41, 10),
(2318, 15, 11, 41, 10),
(2319, 16, 11, 41, 12),
(2320, 0, 0, 42, 12),
(2321, 1, 0, 42, 10),
(2322, 2, 0, 42, 10),
(2323, 3, 0, 42, 10),
(2324, 4, 0, 42, 10),
(2325, 5, 0, 42, 10),
(2326, 6, 0, 42, 10),
(2327, 7, 0, 42, 10),
(2328, 8, 0, 42, 10),
(2329, 9, 0, 42, 10),
(2330, 10, 0, 42, 10),
(2331, 11, 0, 42, 10),
(2332, 12, 0, 42, 10),
(2333, 13, 0, 42, 10),
(2334, 14, 0, 42, 10),
(2335, 15, 0, 42, 12),
(2336, 16, 0, 42, 10),
(2337, 17, 0, 42, 10),
(2338, 18, 0, 42, 10),
(2339, 19, 0, 42, 12),
(2340, 0, 1, 42, 11),
(2341, 15, 1, 42, 11),
(2342, 19, 1, 42, 11),
(2343, 0, 2, 42, 11),
(2344, 2, 2, 42, 12),
(2345, 3, 2, 42, 12),
(2346, 5, 2, 42, 12),
(2347, 6, 2, 42, 12),
(2348, 7, 2, 42, 6),
(2349, 8, 2, 42, 12),
(2350, 9, 2, 42, 10),
(2351, 10, 2, 42, 10),
(2352, 11, 2, 42, 10),
(2353, 12, 2, 42, 12),
(2354, 13, 2, 42, 12),
(2355, 15, 2, 42, 11),
(2356, 17, 2, 42, 12),
(2357, 19, 2, 42, 11),
(2358, 0, 3, 42, 11),
(2359, 2, 3, 42, 11),
(2360, 3, 3, 42, 6),
(2361, 5, 3, 42, 12),
(2362, 7, 3, 42, 12),
(2363, 11, 3, 42, 6),
(2364, 15, 3, 42, 11),
(2365, 17, 3, 42, 12),
(2366, 19, 3, 42, 11),
(2367, 0, 4, 42, 11),
(2368, 2, 4, 42, 12),
(2369, 4, 4, 42, 12),
(2370, 6, 4, 42, 12),
(2371, 7, 4, 42, 12),
(2372, 9, 4, 42, 12),
(2373, 10, 4, 42, 10),
(2374, 11, 4, 42, 12),
(2375, 15, 4, 42, 11),
(2376, 19, 4, 42, 11),
(2377, 0, 5, 42, 11),
(2378, 4, 5, 42, 11),
(2379, 5, 5, 42, 6),
(2380, 7, 5, 42, 11),
(2381, 8, 5, 42, 1),
(2382, 9, 5, 42, 12),
(2383, 11, 5, 42, 11),
(2384, 13, 5, 42, 12),
(2385, 15, 5, 42, 11),
(2386, 17, 5, 42, 12),
(2387, 19, 5, 42, 11),
(2388, 0, 6, 42, 11),
(2389, 2, 6, 42, 12),
(2390, 4, 6, 42, 11),
(2391, 6, 6, 42, 12),
(2392, 7, 6, 42, 12),
(2393, 11, 6, 42, 12),
(2394, 13, 6, 42, 11),
(2395, 15, 6, 42, 12),
(2396, 16, 6, 42, 12),
(2397, 19, 6, 42, 11),
(2398, 0, 7, 42, 11),
(2399, 1, 7, 42, 12),
(2400, 2, 7, 42, 11),
(2401, 4, 7, 42, 11),
(2402, 7, 7, 42, 11),
(2403, 8, 7, 42, 6),
(2404, 10, 7, 42, 8),
(2405, 13, 7, 42, 11),
(2406, 17, 7, 42, 12),
(2407, 19, 7, 42, 11),
(2408, 0, 8, 42, 11),
(2409, 2, 8, 42, 11),
(2410, 4, 8, 42, 11),
(2411, 6, 8, 42, 12),
(2412, 7, 8, 42, 12),
(2413, 8, 8, 42, 2),
(2414, 9, 8, 42, 5),
(2415, 10, 8, 42, 4),
(2416, 11, 8, 42, 12),
(2417, 13, 8, 42, 11),
(2418, 14, 8, 42, 12),
(2419, 15, 8, 42, 12),
(2420, 19, 8, 42, 11),
(2421, 0, 9, 42, 11),
(2422, 2, 9, 42, 12),
(2423, 4, 9, 42, 11),
(2424, 6, 9, 42, 12),
(2425, 7, 9, 42, 10),
(2426, 8, 9, 42, 12),
(2427, 10, 9, 42, 12),
(2428, 11, 9, 42, 12),
(2429, 13, 9, 42, 11),
(2430, 15, 9, 42, 12),
(2431, 19, 9, 42, 11),
(2432, 0, 10, 42, 11),
(2433, 1, 10, 42, 13),
(2434, 4, 10, 42, 11),
(2435, 13, 10, 42, 11),
(2436, 17, 10, 42, 12),
(2437, 19, 10, 42, 11),
(2438, 0, 11, 42, 12),
(2439, 1, 11, 42, 10),
(2440, 2, 11, 42, 10),
(2441, 3, 11, 42, 10),
(2442, 4, 11, 42, 12),
(2443, 5, 11, 42, 10),
(2444, 6, 11, 42, 10),
(2445, 7, 11, 42, 10),
(2446, 8, 11, 42, 10),
(2447, 9, 11, 42, 10),
(2448, 10, 11, 42, 10),
(2449, 11, 11, 42, 10),
(2450, 12, 11, 42, 10),
(2451, 13, 11, 42, 12),
(2452, 14, 11, 42, 10),
(2453, 15, 11, 42, 10),
(2454, 16, 11, 42, 10),
(2455, 17, 11, 42, 12),
(2456, 18, 11, 42, 9),
(2457, 19, 11, 42, 12),
(2458, 0, 0, 43, 12),
(2459, 1, 0, 43, 10),
(2460, 2, 0, 43, 10),
(2461, 3, 0, 43, 12),
(2462, 6, 0, 43, 12),
(2463, 7, 0, 43, 10),
(2464, 8, 0, 43, 10),
(2465, 9, 0, 43, 10),
(2466, 10, 0, 43, 10),
(2467, 11, 0, 43, 10),
(2468, 12, 0, 43, 10),
(2469, 13, 0, 43, 12),
(2470, 0, 1, 43, 11),
(2471, 1, 1, 43, 9),
(2472, 3, 1, 43, 11),
(2473, 5, 1, 43, 12),
(2474, 6, 1, 43, 12),
(2475, 13, 1, 43, 12),
(2476, 14, 1, 43, 10),
(2477, 15, 1, 43, 12),
(2478, 0, 2, 43, 11),
(2479, 3, 2, 43, 12),
(2480, 4, 2, 43, 10),
(2481, 5, 2, 43, 12),
(2482, 8, 2, 43, 12),
(2483, 9, 2, 43, 10),
(2484, 10, 2, 43, 12),
(2485, 12, 2, 43, 8),
(2486, 15, 2, 43, 12),
(2487, 16, 2, 43, 10),
(2488, 17, 2, 43, 10),
(2489, 18, 2, 43, 12),
(2490, 0, 3, 43, 12),
(2491, 1, 3, 43, 12),
(2492, 6, 3, 43, 2),
(2493, 8, 3, 43, 11),
(2494, 10, 3, 43, 11),
(2495, 18, 3, 43, 12),
(2496, 19, 3, 43, 12),
(2497, 1, 4, 43, 11),
(2498, 7, 4, 43, 6),
(2499, 8, 4, 43, 11),
(2500, 10, 4, 43, 12),
(2501, 11, 4, 43, 10),
(2502, 12, 4, 43, 10),
(2503, 13, 4, 43, 10),
(2504, 14, 4, 43, 10),
(2505, 15, 4, 43, 10),
(2506, 16, 4, 43, 10),
(2507, 17, 4, 43, 12),
(2508, 19, 4, 43, 11),
(2509, 0, 5, 43, 12),
(2510, 1, 5, 43, 12),
(2511, 2, 5, 43, 10),
(2512, 3, 5, 43, 10),
(2513, 4, 5, 43, 10),
(2514, 5, 5, 43, 10),
(2515, 6, 5, 43, 10),
(2516, 7, 5, 43, 10),
(2517, 8, 5, 43, 12),
(2518, 17, 5, 43, 11),
(2519, 19, 5, 43, 11),
(2520, 0, 6, 43, 11),
(2521, 1, 6, 43, 6),
(2522, 2, 6, 43, 6),
(2523, 3, 6, 43, 6),
(2524, 10, 6, 43, 1),
(2525, 12, 6, 43, 12),
(2526, 13, 6, 43, 10),
(2527, 14, 6, 43, 10),
(2528, 15, 6, 43, 10),
(2529, 16, 6, 43, 10),
(2530, 17, 6, 43, 12),
(2531, 19, 6, 43, 11),
(2532, 0, 7, 43, 11),
(2533, 1, 7, 43, 6),
(2534, 2, 7, 43, 6),
(2535, 5, 7, 43, 12),
(2536, 6, 7, 43, 10),
(2537, 7, 7, 43, 10),
(2538, 8, 7, 43, 10),
(2539, 9, 7, 43, 12),
(2540, 11, 7, 43, 11),
(2541, 12, 7, 43, 13),
(2542, 19, 7, 43, 11),
(2543, 0, 8, 43, 12),
(2544, 1, 8, 43, 12),
(2545, 9, 8, 43, 11),
(2546, 11, 8, 43, 11),
(2547, 13, 8, 43, 2),
(2548, 17, 8, 43, 12),
(2549, 18, 8, 43, 10),
(2550, 19, 8, 43, 12),
(2551, 1, 9, 43, 12),
(2552, 2, 9, 43, 10),
(2553, 3, 9, 43, 10),
(2554, 4, 9, 43, 12),
(2555, 7, 9, 43, 5),
(2556, 9, 9, 43, 12),
(2557, 10, 9, 43, 10),
(2558, 11, 9, 43, 12),
(2559, 15, 9, 43, 12),
(2560, 16, 9, 43, 10),
(2561, 17, 9, 43, 12),
(2562, 4, 10, 43, 12),
(2563, 5, 10, 43, 10),
(2564, 6, 10, 43, 12),
(2565, 13, 10, 43, 12),
(2566, 14, 10, 43, 10),
(2567, 15, 10, 43, 12),
(2568, 6, 11, 43, 12),
(2569, 7, 11, 43, 10),
(2570, 8, 11, 43, 10),
(2571, 9, 11, 43, 10),
(2572, 10, 11, 43, 10),
(2573, 11, 11, 43, 10),
(2574, 12, 11, 43, 10),
(2575, 13, 11, 43, 12);

--
-- Indexes for dumped tables
--

--
-- Indexes for table `map`
--
ALTER TABLE `map`
  ADD PRIMARY KEY (`IDMap`),
  ADD UNIQUE KEY `NumberLevel` (`NumberLevel`);

--
-- Indexes for table `mapbyelement`
--
ALTER TABLE `mapbyelement`
  ADD PRIMARY KEY (`IDPositionElement`),
  ADD KEY `FK_MapByElement_IDMap` (`IDMap`);

--
-- AUTO_INCREMENT for dumped tables
--

--
-- AUTO_INCREMENT for table `map`
--
ALTER TABLE `map`
  MODIFY `IDMap` int(11) NOT NULL AUTO_INCREMENT,AUTO_INCREMENT=44;
--
-- AUTO_INCREMENT for table `mapbyelement`
--
ALTER TABLE `mapbyelement`
  MODIFY `IDPositionElement` int(11) NOT NULL AUTO_INCREMENT,AUTO_INCREMENT=2576;
--
-- Constraints for dumped tables
--

--
-- Constraints for table `mapbyelement`
--
ALTER TABLE `mapbyelement`
  ADD CONSTRAINT `FK_MapByElement_IDMap` FOREIGN KEY (`IDMap`) REFERENCES `map` (`IDMap`);

/*!40101 SET CHARACTER_SET_CLIENT=@OLD_CHARACTER_SET_CLIENT */;
/*!40101 SET CHARACTER_SET_RESULTS=@OLD_CHARACTER_SET_RESULTS */;
/*!40101 SET COLLATION_CONNECTION=@OLD_COLLATION_CONNECTION */;
