-- phpMyAdmin SQL Dump
-- version 4.4.15.5
-- http://www.phpmyadmin.net
--
-- Host: localhost:8889
-- Generation Time: Jun 17, 2016 at 05:55 PM
-- Server version: 5.5.49-log
-- PHP Version: 7.0.6

SET SQL_MODE = "NO_AUTO_VALUE_ON_ZERO";
SET time_zone = "+00:00";


/*!40101 SET @OLD_CHARACTER_SET_CLIENT=@@CHARACTER_SET_CLIENT */;
/*!40101 SET @OLD_CHARACTER_SET_RESULTS=@@CHARACTER_SET_RESULTS */;
/*!40101 SET @OLD_COLLATION_CONNECTION=@@COLLATION_CONNECTION */;
/*!40101 SET NAMES utf8mb4 */;

--
-- Database: `lorann`
--
CREATE DATABASE IF NOT EXISTS `lorann` DEFAULT CHARACTER SET latin1 COLLATE latin1_swedish_ci;
USE `lorann`;

DELIMITER $$
--
-- Procedures
--
DROP PROCEDURE IF EXISTS `LorannMap`$$
CREATE DEFINER=`root`@`localhost` PROCEDURE `LorannMap`(IN `p_level` INT(5))
    READS SQL DATA
    SQL SECURITY INVOKER
SELECT mapbyelement.PosX ,mapbyelement.PosY ,element.NameElement

FROM element NATURAL JOIN mapbyelement NATURAL JOIN map

WHERE map.NumberLevel=p_level$$

DELIMITER ;

-- --------------------------------------------------------

--
-- Table structure for table `element`
--

DROP TABLE IF EXISTS `element`;
CREATE TABLE IF NOT EXISTS `element` (
  `IDElement` int(11) NOT NULL,
  `NameElement` varchar(50) CHARACTER SET utf16 COLLATE utf16_bin DEFAULT NULL
) ENGINE=InnoDB AUTO_INCREMENT=14 DEFAULT CHARSET=latin1;

--
-- Dumping data for table `element`
--

INSERT INTO `element` (`IDElement`, `NameElement`) VALUES
(10, '-'),
(2, 'G'),
(1, 'L'),
(7, 'S'),
(5, 'T'),
(9, 'd'),
(4, 'g'),
(13, 'k'),
(11, 'l'),
(12, 'o'),
(8, 's'),
(6, 't');

-- --------------------------------------------------------

--
-- Table structure for table `map`
--

DROP TABLE IF EXISTS `map`;
CREATE TABLE IF NOT EXISTS `map` (
  `IDMap` int(11) NOT NULL,
  `NumberLevel` int(11) DEFAULT NULL
) ENGINE=InnoDB AUTO_INCREMENT=34 DEFAULT CHARSET=latin1;

--
-- Dumping data for table `map`
--

INSERT INTO `map` (`IDMap`, `NumberLevel`) VALUES
(29, 1),
(30, 2),
(31, 3),
(32, 4),
(33, 5);

-- --------------------------------------------------------

--
-- Table structure for table `mapbyelement`
--

DROP TABLE IF EXISTS `mapbyelement`;
CREATE TABLE IF NOT EXISTS `mapbyelement` (
  `IDPositionElement` int(11) NOT NULL,
  `PosX` int(11) DEFAULT NULL,
  `PosY` int(11) DEFAULT NULL,
  `IDMap` int(11) DEFAULT NULL,
  `IDElement` int(11) DEFAULT NULL
) ENGINE=InnoDB AUTO_INCREMENT=1520 DEFAULT CHARSET=latin1;

--
-- Dumping data for table `mapbyelement`
--

INSERT INTO `mapbyelement` (`IDPositionElement`, `PosX`, `PosY`, `IDMap`, `IDElement`) VALUES
(991, 6, 0, 29, 12),
(992, 7, 0, 29, 10),
(993, 8, 0, 29, 12),
(994, 9, 0, 29, 10),
(995, 10, 0, 29, 10),
(996, 11, 0, 29, 10),
(997, 12, 0, 29, 10),
(998, 13, 0, 29, 10),
(999, 14, 0, 29, 10),
(1000, 15, 0, 29, 10),
(1001, 16, 0, 29, 10),
(1002, 17, 0, 29, 10),
(1003, 18, 0, 29, 12),
(1004, 3, 1, 29, 12),
(1005, 4, 1, 29, 10),
(1006, 5, 1, 29, 10),
(1007, 6, 1, 29, 12),
(1008, 7, 1, 29, 6),
(1009, 8, 1, 29, 11),
(1010, 18, 1, 29, 12),
(1011, 19, 1, 29, 12),
(1012, 3, 2, 29, 11),
(1013, 8, 2, 29, 11),
(1014, 19, 2, 29, 11),
(1015, 0, 3, 29, 12),
(1016, 1, 3, 29, 10),
(1017, 2, 3, 29, 10),
(1018, 3, 3, 29, 12),
(1019, 8, 3, 29, 11),
(1020, 12, 3, 29, 6),
(1021, 19, 3, 29, 11),
(1022, 0, 4, 29, 11),
(1023, 2, 4, 29, 6),
(1024, 4, 4, 29, 12),
(1025, 5, 4, 29, 10),
(1026, 6, 4, 29, 10),
(1027, 7, 4, 29, 10),
(1028, 8, 4, 29, 12),
(1029, 9, 4, 29, 10),
(1030, 10, 4, 29, 10),
(1031, 11, 4, 29, 10),
(1032, 12, 4, 29, 10),
(1033, 13, 4, 29, 10),
(1034, 14, 4, 29, 12),
(1035, 19, 4, 29, 12),
(1036, 0, 5, 29, 11),
(1037, 1, 5, 29, 6),
(1038, 4, 5, 29, 4),
(1039, 12, 5, 29, 13),
(1040, 17, 5, 29, 1),
(1041, 19, 5, 29, 9),
(1042, 0, 6, 29, 11),
(1043, 2, 6, 29, 6),
(1044, 4, 6, 29, 12),
(1045, 5, 6, 29, 10),
(1046, 6, 6, 29, 10),
(1047, 7, 6, 29, 10),
(1048, 8, 6, 29, 12),
(1049, 9, 6, 29, 10),
(1050, 10, 6, 29, 10),
(1051, 11, 6, 29, 10),
(1052, 12, 6, 29, 10),
(1053, 13, 6, 29, 10),
(1054, 14, 6, 29, 12),
(1055, 19, 6, 29, 12),
(1056, 0, 7, 29, 12),
(1057, 1, 7, 29, 10),
(1058, 2, 7, 29, 10),
(1059, 3, 7, 29, 12),
(1060, 8, 7, 29, 11),
(1061, 12, 7, 29, 6),
(1062, 19, 7, 29, 11),
(1063, 3, 8, 29, 11),
(1064, 8, 8, 29, 11),
(1065, 19, 8, 29, 11),
(1066, 3, 9, 29, 12),
(1067, 4, 9, 29, 10),
(1068, 5, 9, 29, 10),
(1069, 6, 9, 29, 12),
(1070, 7, 9, 29, 6),
(1071, 8, 9, 29, 11),
(1072, 18, 9, 29, 12),
(1073, 19, 9, 29, 12),
(1074, 6, 10, 29, 12),
(1075, 7, 10, 29, 10),
(1076, 8, 10, 29, 12),
(1077, 9, 10, 29, 10),
(1078, 10, 10, 29, 10),
(1079, 11, 10, 29, 10),
(1080, 12, 10, 29, 10),
(1081, 13, 10, 29, 10),
(1082, 14, 10, 29, 10),
(1083, 15, 10, 29, 10),
(1084, 16, 10, 29, 10),
(1085, 17, 10, 29, 10),
(1086, 18, 10, 29, 12),
(1087, 0, 0, 30, 12),
(1088, 1, 0, 30, 10),
(1089, 2, 0, 30, 10),
(1090, 3, 0, 30, 10),
(1091, 4, 0, 30, 10),
(1092, 5, 0, 30, 10),
(1093, 6, 0, 30, 10),
(1094, 7, 0, 30, 10),
(1095, 8, 0, 30, 10),
(1096, 9, 0, 30, 10),
(1097, 10, 0, 30, 10),
(1098, 11, 0, 30, 10),
(1099, 12, 0, 30, 10),
(1100, 13, 0, 30, 10),
(1101, 14, 0, 30, 10),
(1102, 15, 0, 30, 10),
(1103, 16, 0, 30, 10),
(1104, 17, 0, 30, 10),
(1105, 18, 0, 30, 10),
(1106, 19, 0, 30, 12),
(1107, 0, 1, 30, 11),
(1108, 2, 1, 30, 2),
(1109, 18, 1, 30, 5),
(1110, 19, 1, 30, 11),
(1111, 0, 2, 30, 11),
(1112, 9, 2, 30, 1),
(1113, 17, 2, 30, 12),
(1114, 19, 2, 30, 11),
(1115, 0, 3, 30, 11),
(1116, 7, 3, 30, 12),
(1117, 11, 3, 30, 12),
(1118, 17, 3, 30, 11),
(1119, 19, 3, 30, 11),
(1120, 0, 4, 30, 11),
(1121, 6, 4, 30, 12),
(1122, 7, 4, 30, 12),
(1123, 8, 4, 30, 12),
(1124, 10, 4, 30, 12),
(1125, 11, 4, 30, 12),
(1126, 12, 4, 30, 12),
(1127, 17, 4, 30, 11),
(1128, 18, 4, 30, 13),
(1129, 19, 4, 30, 11),
(1130, 0, 5, 30, 11),
(1131, 7, 5, 30, 12),
(1132, 8, 5, 30, 12),
(1133, 9, 5, 30, 12),
(1134, 10, 5, 30, 12),
(1135, 11, 5, 30, 12),
(1136, 17, 5, 30, 11),
(1137, 19, 5, 30, 11),
(1138, 0, 6, 30, 11),
(1139, 8, 6, 30, 12),
(1140, 9, 6, 30, 12),
(1141, 10, 6, 30, 12),
(1142, 17, 6, 30, 11),
(1143, 19, 6, 30, 11),
(1144, 0, 7, 30, 11),
(1145, 9, 7, 30, 9),
(1146, 17, 7, 30, 11),
(1147, 19, 7, 30, 11),
(1148, 0, 8, 30, 11),
(1149, 17, 8, 30, 11),
(1150, 19, 8, 30, 11),
(1151, 0, 9, 30, 11),
(1152, 17, 9, 30, 12),
(1153, 19, 9, 30, 11),
(1154, 0, 10, 30, 11),
(1155, 1, 10, 30, 8),
(1156, 17, 10, 30, 4),
(1157, 19, 10, 30, 11),
(1158, 0, 11, 30, 12),
(1159, 1, 11, 30, 10),
(1160, 2, 11, 30, 10),
(1161, 3, 11, 30, 10),
(1162, 4, 11, 30, 10),
(1163, 5, 11, 30, 10),
(1164, 6, 11, 30, 10),
(1165, 7, 11, 30, 10),
(1166, 8, 11, 30, 10),
(1167, 9, 11, 30, 10),
(1168, 10, 11, 30, 10),
(1169, 11, 11, 30, 10),
(1170, 12, 11, 30, 10),
(1171, 13, 11, 30, 10),
(1172, 14, 11, 30, 10),
(1173, 15, 11, 30, 10),
(1174, 16, 11, 30, 10),
(1175, 17, 11, 30, 12),
(1176, 18, 11, 30, 10),
(1177, 19, 11, 30, 12),
(1178, 2, 0, 31, 12),
(1179, 3, 0, 31, 10),
(1180, 4, 0, 31, 10),
(1181, 5, 0, 31, 10),
(1182, 6, 0, 31, 10),
(1183, 7, 0, 31, 10),
(1184, 8, 0, 31, 10),
(1185, 9, 0, 31, 10),
(1186, 10, 0, 31, 10),
(1187, 11, 0, 31, 10),
(1188, 12, 0, 31, 10),
(1189, 13, 0, 31, 10),
(1190, 14, 0, 31, 12),
(1191, 2, 1, 31, 11),
(1192, 4, 1, 31, 8),
(1193, 14, 1, 31, 11),
(1194, 2, 2, 31, 11),
(1195, 14, 2, 31, 11),
(1196, 2, 3, 31, 12),
(1197, 3, 3, 31, 10),
(1198, 4, 3, 31, 10),
(1199, 5, 3, 31, 12),
(1200, 8, 3, 31, 12),
(1201, 9, 3, 31, 10),
(1202, 10, 3, 31, 12),
(1203, 11, 3, 31, 6),
(1204, 12, 3, 31, 6),
(1205, 14, 3, 31, 11),
(1206, 5, 4, 31, 11),
(1207, 9, 4, 31, 4),
(1208, 10, 4, 31, 11),
(1209, 13, 4, 31, 12),
(1210, 14, 4, 31, 12),
(1211, 15, 4, 31, 10),
(1212, 16, 4, 31, 10),
(1213, 17, 4, 31, 10),
(1214, 18, 4, 31, 10),
(1215, 19, 4, 31, 12),
(1216, 2, 5, 31, 12),
(1217, 3, 5, 31, 10),
(1218, 4, 5, 31, 10),
(1219, 5, 5, 31, 12),
(1220, 9, 5, 31, 12),
(1221, 10, 5, 31, 11),
(1222, 19, 5, 31, 11),
(1223, 2, 6, 31, 11),
(1224, 8, 6, 31, 12),
(1225, 9, 6, 31, 10),
(1226, 10, 6, 31, 12),
(1227, 18, 6, 31, 13),
(1228, 19, 6, 31, 11),
(1229, 2, 7, 31, 11),
(1230, 8, 7, 31, 11),
(1231, 10, 7, 31, 12),
(1232, 11, 7, 31, 6),
(1233, 19, 7, 31, 11),
(1234, 2, 8, 31, 12),
(1235, 3, 8, 31, 9),
(1236, 8, 8, 31, 11),
(1237, 10, 8, 31, 12),
(1238, 11, 8, 31, 12),
(1239, 12, 8, 31, 10),
(1240, 13, 8, 31, 12),
(1241, 16, 8, 31, 12),
(1242, 17, 8, 31, 10),
(1243, 18, 8, 31, 10),
(1244, 19, 8, 31, 12),
(1245, 3, 9, 31, 12),
(1246, 4, 9, 31, 10),
(1247, 5, 9, 31, 12),
(1248, 6, 9, 31, 10),
(1249, 7, 9, 31, 10),
(1250, 8, 9, 31, 12),
(1251, 11, 9, 31, 11),
(1252, 16, 9, 31, 11),
(1253, 11, 10, 31, 11),
(1254, 13, 10, 31, 1),
(1255, 16, 10, 31, 11),
(1256, 11, 11, 31, 12),
(1257, 12, 11, 31, 10),
(1258, 13, 11, 31, 10),
(1259, 14, 11, 31, 10),
(1260, 15, 11, 31, 10),
(1261, 16, 11, 31, 12),
(1262, 0, 0, 32, 12),
(1263, 1, 0, 32, 10),
(1264, 2, 0, 32, 10),
(1265, 3, 0, 32, 10),
(1266, 4, 0, 32, 10),
(1267, 5, 0, 32, 10),
(1268, 6, 0, 32, 10),
(1269, 7, 0, 32, 10),
(1270, 8, 0, 32, 10),
(1271, 9, 0, 32, 10),
(1272, 10, 0, 32, 10),
(1273, 11, 0, 32, 10),
(1274, 12, 0, 32, 10),
(1275, 13, 0, 32, 10),
(1276, 14, 0, 32, 10),
(1277, 15, 0, 32, 12),
(1278, 16, 0, 32, 10),
(1279, 17, 0, 32, 10),
(1280, 18, 0, 32, 10),
(1281, 19, 0, 32, 12),
(1282, 0, 1, 32, 11),
(1283, 2, 1, 32, 1),
(1284, 15, 1, 32, 11),
(1285, 19, 1, 32, 11),
(1286, 0, 2, 32, 11),
(1287, 2, 2, 32, 12),
(1288, 3, 2, 32, 12),
(1289, 5, 2, 32, 12),
(1290, 6, 2, 32, 12),
(1291, 7, 2, 32, 6),
(1292, 8, 2, 32, 12),
(1293, 9, 2, 32, 10),
(1294, 10, 2, 32, 10),
(1295, 11, 2, 32, 10),
(1296, 12, 2, 32, 12),
(1297, 13, 2, 32, 12),
(1298, 15, 2, 32, 11),
(1299, 17, 2, 32, 12),
(1300, 19, 2, 32, 11),
(1301, 0, 3, 32, 11),
(1302, 2, 3, 32, 11),
(1303, 3, 3, 32, 6),
(1304, 5, 3, 32, 12),
(1305, 7, 3, 32, 12),
(1306, 11, 3, 32, 6),
(1307, 15, 3, 32, 11),
(1308, 17, 3, 32, 12),
(1309, 19, 3, 32, 11),
(1310, 0, 4, 32, 11),
(1311, 2, 4, 32, 12),
(1312, 4, 4, 32, 12),
(1313, 6, 4, 32, 12),
(1314, 7, 4, 32, 12),
(1315, 9, 4, 32, 12),
(1316, 10, 4, 32, 10),
(1317, 11, 4, 32, 12),
(1318, 15, 4, 32, 11),
(1319, 19, 4, 32, 11),
(1320, 0, 5, 32, 11),
(1321, 4, 5, 32, 11),
(1322, 5, 5, 32, 6),
(1323, 7, 5, 32, 11),
(1324, 8, 5, 32, 1),
(1325, 9, 5, 32, 12),
(1326, 11, 5, 32, 11),
(1327, 13, 5, 32, 12),
(1328, 15, 5, 32, 11),
(1329, 17, 5, 32, 12),
(1330, 19, 5, 32, 11),
(1331, 0, 6, 32, 11),
(1332, 2, 6, 32, 12),
(1333, 4, 6, 32, 11),
(1334, 6, 6, 32, 12),
(1335, 7, 6, 32, 12),
(1336, 11, 6, 32, 12),
(1337, 13, 6, 32, 11),
(1338, 15, 6, 32, 12),
(1339, 16, 6, 32, 12),
(1340, 19, 6, 32, 11),
(1341, 0, 7, 32, 11),
(1342, 1, 7, 32, 12),
(1343, 2, 7, 32, 11),
(1344, 4, 7, 32, 11),
(1345, 7, 7, 32, 11),
(1346, 8, 7, 32, 6),
(1347, 10, 7, 32, 8),
(1348, 13, 7, 32, 11),
(1349, 17, 7, 32, 12),
(1350, 19, 7, 32, 11),
(1351, 0, 8, 32, 11),
(1352, 2, 8, 32, 11),
(1353, 4, 8, 32, 11),
(1354, 6, 8, 32, 12),
(1355, 7, 8, 32, 12),
(1356, 8, 8, 32, 2),
(1357, 9, 8, 32, 5),
(1358, 10, 8, 32, 4),
(1359, 11, 8, 32, 12),
(1360, 13, 8, 32, 11),
(1361, 14, 8, 32, 12),
(1362, 15, 8, 32, 12),
(1363, 19, 8, 32, 11),
(1364, 0, 9, 32, 11),
(1365, 2, 9, 32, 12),
(1366, 4, 9, 32, 11),
(1367, 6, 9, 32, 12),
(1368, 7, 9, 32, 10),
(1369, 8, 9, 32, 12),
(1370, 10, 9, 32, 12),
(1371, 11, 9, 32, 12),
(1372, 13, 9, 32, 11),
(1373, 15, 9, 32, 12),
(1374, 19, 9, 32, 11),
(1375, 0, 10, 32, 11),
(1376, 1, 10, 32, 13),
(1377, 4, 10, 32, 11),
(1378, 13, 10, 32, 11),
(1379, 17, 10, 32, 12),
(1380, 19, 10, 32, 11),
(1381, 0, 11, 32, 12),
(1382, 1, 11, 32, 10),
(1383, 2, 11, 32, 10),
(1384, 3, 11, 32, 10),
(1385, 4, 11, 32, 12),
(1386, 5, 11, 32, 10),
(1387, 6, 11, 32, 10),
(1388, 7, 11, 32, 10),
(1389, 8, 11, 32, 10),
(1390, 9, 11, 32, 10),
(1391, 10, 11, 32, 10),
(1392, 11, 11, 32, 10),
(1393, 12, 11, 32, 10),
(1394, 13, 11, 32, 12),
(1395, 14, 11, 32, 10),
(1396, 15, 11, 32, 10),
(1397, 16, 11, 32, 10),
(1398, 17, 11, 32, 12),
(1399, 18, 11, 32, 9),
(1400, 19, 11, 32, 12),
(1401, 0, 0, 33, 12),
(1402, 1, 0, 33, 10),
(1403, 2, 0, 33, 10),
(1404, 3, 0, 33, 12),
(1405, 6, 0, 33, 12),
(1406, 7, 0, 33, 10),
(1407, 8, 0, 33, 10),
(1408, 9, 0, 33, 10),
(1409, 10, 0, 33, 10),
(1410, 11, 0, 33, 10),
(1411, 12, 0, 33, 10),
(1412, 13, 0, 33, 12),
(1413, 0, 1, 33, 11),
(1414, 1, 1, 33, 9),
(1415, 3, 1, 33, 11),
(1416, 5, 1, 33, 12),
(1417, 6, 1, 33, 12),
(1418, 13, 1, 33, 12),
(1419, 14, 1, 33, 10),
(1420, 15, 1, 33, 12),
(1421, 0, 2, 33, 11),
(1422, 1, 2, 33, 1),
(1423, 3, 2, 33, 12),
(1424, 4, 2, 33, 10),
(1425, 5, 2, 33, 12),
(1426, 8, 2, 33, 12),
(1427, 9, 2, 33, 10),
(1428, 10, 2, 33, 12),
(1429, 12, 2, 33, 8),
(1430, 15, 2, 33, 12),
(1431, 16, 2, 33, 10),
(1432, 17, 2, 33, 10),
(1433, 18, 2, 33, 12),
(1434, 0, 3, 33, 12),
(1435, 1, 3, 33, 12),
(1436, 6, 3, 33, 2),
(1437, 8, 3, 33, 11),
(1438, 10, 3, 33, 11),
(1439, 18, 3, 33, 12),
(1440, 19, 3, 33, 12),
(1441, 1, 4, 33, 11),
(1442, 7, 4, 33, 6),
(1443, 8, 4, 33, 11),
(1444, 10, 4, 33, 12),
(1445, 11, 4, 33, 10),
(1446, 12, 4, 33, 10),
(1447, 13, 4, 33, 10),
(1448, 14, 4, 33, 10),
(1449, 15, 4, 33, 10),
(1450, 16, 4, 33, 10),
(1451, 17, 4, 33, 12),
(1452, 19, 4, 33, 11),
(1453, 0, 5, 33, 12),
(1454, 1, 5, 33, 12),
(1455, 2, 5, 33, 10),
(1456, 3, 5, 33, 10),
(1457, 4, 5, 33, 10),
(1458, 5, 5, 33, 10),
(1459, 6, 5, 33, 10),
(1460, 7, 5, 33, 10),
(1461, 8, 5, 33, 12),
(1462, 17, 5, 33, 11),
(1463, 19, 5, 33, 11),
(1464, 0, 6, 33, 11),
(1465, 1, 6, 33, 6),
(1466, 2, 6, 33, 6),
(1467, 3, 6, 33, 6),
(1468, 10, 6, 33, 1),
(1469, 12, 6, 33, 12),
(1470, 13, 6, 33, 10),
(1471, 14, 6, 33, 10),
(1472, 15, 6, 33, 10),
(1473, 16, 6, 33, 10),
(1474, 17, 6, 33, 12),
(1475, 19, 6, 33, 11),
(1476, 0, 7, 33, 11),
(1477, 1, 7, 33, 6),
(1478, 2, 7, 33, 6),
(1479, 5, 7, 33, 12),
(1480, 6, 7, 33, 10),
(1481, 7, 7, 33, 10),
(1482, 8, 7, 33, 10),
(1483, 9, 7, 33, 12),
(1484, 11, 7, 33, 11),
(1485, 12, 7, 33, 13),
(1486, 19, 7, 33, 11),
(1487, 0, 8, 33, 12),
(1488, 1, 8, 33, 12),
(1489, 9, 8, 33, 11),
(1490, 11, 8, 33, 11),
(1491, 13, 8, 33, 2),
(1492, 17, 8, 33, 12),
(1493, 18, 8, 33, 10),
(1494, 19, 8, 33, 12),
(1495, 1, 9, 33, 12),
(1496, 2, 9, 33, 10),
(1497, 3, 9, 33, 10),
(1498, 4, 9, 33, 12),
(1499, 7, 9, 33, 5),
(1500, 9, 9, 33, 12),
(1501, 10, 9, 33, 10),
(1502, 11, 9, 33, 12),
(1503, 15, 9, 33, 12),
(1504, 16, 9, 33, 10),
(1505, 17, 9, 33, 12),
(1506, 4, 10, 33, 12),
(1507, 5, 10, 33, 10),
(1508, 6, 10, 33, 12),
(1509, 13, 10, 33, 12),
(1510, 14, 10, 33, 10),
(1511, 15, 10, 33, 12),
(1512, 6, 11, 33, 12),
(1513, 7, 11, 33, 10),
(1514, 8, 11, 33, 10),
(1515, 9, 11, 33, 10),
(1516, 10, 11, 33, 10),
(1517, 11, 11, 33, 10),
(1518, 12, 11, 33, 10),
(1519, 13, 11, 33, 12);

--
-- Indexes for dumped tables
--

--
-- Indexes for table `element`
--
ALTER TABLE `element`
  ADD PRIMARY KEY (`IDElement`),
  ADD UNIQUE KEY `NameElement` (`NameElement`);

--
-- Indexes for table `map`
--
ALTER TABLE `map`
  ADD PRIMARY KEY (`IDMap`),
  ADD UNIQUE KEY `NumberLevel` (`NumberLevel`);

--
-- Indexes for table `mapbyelement`
--
ALTER TABLE `mapbyelement`
  ADD PRIMARY KEY (`IDPositionElement`),
  ADD KEY `FK_MapByElement_IDMap` (`IDMap`);

--
-- AUTO_INCREMENT for dumped tables
--

--
-- AUTO_INCREMENT for table `element`
--
ALTER TABLE `element`
  MODIFY `IDElement` int(11) NOT NULL AUTO_INCREMENT,AUTO_INCREMENT=14;
--
-- AUTO_INCREMENT for table `map`
--
ALTER TABLE `map`
  MODIFY `IDMap` int(11) NOT NULL AUTO_INCREMENT,AUTO_INCREMENT=34;
--
-- AUTO_INCREMENT for table `mapbyelement`
--
ALTER TABLE `mapbyelement`
  MODIFY `IDPositionElement` int(11) NOT NULL AUTO_INCREMENT,AUTO_INCREMENT=1520;
--
-- Constraints for dumped tables
--

--
-- Constraints for table `mapbyelement`
--
ALTER TABLE `mapbyelement`
  ADD CONSTRAINT `FK_MapByElement_IDMap` FOREIGN KEY (`IDMap`) REFERENCES `map` (`IDMap`);

/*!40101 SET CHARACTER_SET_CLIENT=@OLD_CHARACTER_SET_CLIENT */;
/*!40101 SET CHARACTER_SET_RESULTS=@OLD_CHARACTER_SET_RESULTS */;
/*!40101 SET COLLATION_CONNECTION=@OLD_COLLATION_CONNECTION */;
